marker_name	P	nobs	coef	std	Z	chisq	df	term	A1	multi_allele	note
6:34172055_C/A	5.360574166187648e-09	7440	0.02695407909554095	0.004618925185411483	5.83557386481888			THIS	C		plink bialleic
6:34172055_C/A	5.360574166187648e-09	7440	0.02695407909554095	0.004618925185411483	5.83557386481888			THIS	C		plink bialleic
6:34172055_C/A	5.360574166187648e-09	7440	0.02695407909554095	0.004618925185411483	5.83557386481888			THIS	C		plink bialleic
